Directory,Name,Relative Path,Full Path,Size (bytes),Extension,Modified Date
"app","page.tsx","app\admin\login\page.tsx","C:\Users\nathan.lannan\mhfa-registration\app\admin\login\page.tsx",4898,".tsx","2025-06-27T13:35:06.513354"
"app","page.tsx","app\admin\page.tsx","C:\Users\nathan.lannan\mhfa-registration\app\admin\page.tsx",30204,".tsx","2025-06-27T14:48:43.612099"
"app","route.ts","app\api\events\[id]\route.ts","C:\Users\nathan.lannan\mhfa-registration\app\api\events\[id]\route.ts",2194,".ts","2025-06-27T13:35:06.513354"
"app","route.ts","app\api\events\route.ts","C:\Users\nathan.lannan\mhfa-registration\app\api\events\route.ts",2638,".ts","2025-06-27T13:35:06.513354"
"app","route.ts","app\api\test-auth\route.ts","C:\Users\nathan.lannan\mhfa-registration\app\api\test-auth\route.ts",3020,".ts","2025-06-27T13:35:06.513354"
"app","route.ts","app\api\test-db\route.ts","C:\Users\nathan.lannan\mhfa-registration\app\api\test-db\route.ts",731,".ts","2025-06-27T13:35:06.513354"
"app","Current.png","app\Current.png","C:\Users\nathan.lannan\mhfa-registration\app\Current.png",223608,".png","2025-06-27T13:35:06.513354"
"app","favicon.ico","app\favicon.ico","C:\Users\nathan.lannan\mhfa-registration\app\favicon.ico",4286,".ico","2025-06-27T13:35:06.513354"
"app","globals.css","app\globals.css","C:\Users\nathan.lannan\mhfa-registration\app\globals.css",3633,".css","2025-06-27T13:35:06.513354"
"app","layout.tsx","app\layout.tsx","C:\Users\nathan.lannan\mhfa-registration\app\layout.tsx",610,".tsx","2025-06-27T13:35:06.513354"
"app","page.tsx","app\page.tsx","C:\Users\nathan.lannan\mhfa-registration\app\page.tsx",7301,".tsx","2025-06-27T14:48:43.612099"
"app","page.tsx","app\test-events\page.tsx","C:\Users\nathan.lannan\mhfa-registration\app\test-events\page.tsx",10221,".tsx","2025-06-27T13:35:06.513354"
"components","event-card.tsx","components\event-card.tsx","C:\Users\nathan.lannan\mhfa-registration\components\event-card.tsx",2574,".tsx","2025-06-27T13:35:06.513354"
"components","training-filter.tsx","components\training-filter.tsx","C:\Users\nathan.lannan\mhfa-registration\components\training-filter.tsx",2161,".tsx","2025-06-27T13:35:06.513354"
"components","button.tsx","components\ui\button.tsx","C:\Users\nathan.lannan\mhfa-registration\components\ui\button.tsx",1868,".tsx","2025-06-27T13:35:06.513354"
"components","card.tsx","components\ui\card.tsx","C:\Users\nathan.lannan\mhfa-registration\components\ui\card.tsx",1961,".tsx","2025-06-27T13:35:06.513354"
"components","dialog.tsx","components\ui\dialog.tsx","C:\Users\nathan.lannan\mhfa-registration\components\ui\dialog.tsx",3971,".tsx","2025-06-27T13:35:06.513354"
"components","language-toggle.tsx","components\ui\language-toggle.tsx","C:\Users\nathan.lannan\mhfa-registration\components\ui\language-toggle.tsx",3146,".tsx","2025-06-27T13:35:06.513354"
"components","logo-header.tsx","components\ui\logo-header.tsx","C:\Users\nathan.lannan\mhfa-registration\components\ui\logo-header.tsx",1075,".tsx","2025-06-27T13:35:06.529058"
"lib","auth-simple.ts","lib\auth-simple.ts","C:\Users\nathan.lannan\mhfa-registration\lib\auth-simple.ts",3757,".ts","2025-06-27T13:35:06.529920"
"lib","constants.ts","lib\constants.ts","C:\Users\nathan.lannan\mhfa-registration\lib\constants.ts",1349,".ts","2025-06-27T13:35:06.529920"
"lib","redis-client.ts","lib\db\redis-client.ts","C:\Users\nathan.lannan\mhfa-registration\lib\db\redis-client.ts",3005,".ts","2025-06-27T13:35:06.529920"
"lib","seed.ts","lib\db\seed.ts","C:\Users\nathan.lannan\mhfa-registration\lib\db\seed.ts",690,".ts","2025-06-27T13:35:06.529920"
"lib","useEventFilter.ts","lib\hooks\useEventFilter.ts","C:\Users\nathan.lannan\mhfa-registration\lib\hooks\useEventFilter.ts",2597,".ts","2025-06-27T13:35:06.529920"
"lib","translations.ts","lib\i18n\translations.ts","C:\Users\nathan.lannan\mhfa-registration\lib\i18n\translations.ts",1737,".ts","2025-06-27T13:35:06.529920"
"lib","useTranslation.ts","lib\i18n\useTranslation.ts","C:\Users\nathan.lannan\mhfa-registration\lib\i18n\useTranslation.ts",628,".ts","2025-06-27T13:35:06.529920"
"lib","sample-data-generator.ts","lib\sample-data-generator.ts","C:\Users\nathan.lannan\mhfa-registration\lib\sample-data-generator.ts",3834,".ts","2025-06-27T13:35:06.529920"
"lib","sample-data.ts","lib\sample-data.ts","C:\Users\nathan.lannan\mhfa-registration\lib\sample-data.ts",10508,".ts","2025-06-27T13:35:06.529920"
"lib","types.ts","lib\types.ts","C:\Users\nathan.lannan\mhfa-registration\lib\types.ts",811,".ts","2025-06-27T13:35:06.529920"
"lib","utils.ts","lib\utils.ts","C:\Users\nathan.lannan\mhfa-registration\lib\utils.ts",4265,".ts","2025-06-27T13:35:06.529920"
"root",".env.local",".env.local","C:\Users\nathan.lannan\mhfa-registration\.env.local",413,".local","2025-06-27T13:35:42.341112"
"root",".gitignore",".gitignore","C:\Users\nathan.lannan\mhfa-registration\.gitignore",571,"","2025-06-27T13:35:06.513354"
"root","components.json","components.json","C:\Users\nathan.lannan\mhfa-registration\components.json",464,".json","2025-06-27T13:35:06.513354"
"root","eslint.config.mjs","eslint.config.mjs","C:\Users\nathan.lannan\mhfa-registration\eslint.config.mjs",409,".mjs","2025-06-27T13:35:06.529920"
"root","Handoff.md","Handoff.md","C:\Users\nathan.lannan\mhfa-registration\Handoff.md",32890,".md","2025-06-27T13:35:06.513354"
"root","middleware.ts","middleware.ts","C:\Users\nathan.lannan\mhfa-registration\middleware.ts",2611,".ts","2025-06-27T13:35:06.529920"
"root","next-env.d.ts","next-env.d.ts","C:\Users\nathan.lannan\mhfa-registration\next-env.d.ts",216,".ts","2025-06-27T13:37:31.302372"
"root","next.config.ts","next.config.ts","C:\Users\nathan.lannan\mhfa-registration\next.config.ts",140,".ts","2025-06-27T13:35:06.529920"
"root","package-lock.json","package-lock.json","C:\Users\nathan.lannan\mhfa-registration\package-lock.json",252806,".json","2025-06-27T14:48:43.614094"
"root","package.json","package.json","C:\Users\nathan.lannan\mhfa-registration\package.json",960,".json","2025-06-27T14:48:43.615265"
"root","postcss.config.js","postcss.config.js","C:\Users\nathan.lannan\mhfa-registration\postcss.config.js",88,".js","2025-06-27T13:35:06.529920"
"root","postcss.config.mjs","postcss.config.mjs","C:\Users\nathan.lannan\mhfa-registration\postcss.config.mjs",86,".mjs","2025-06-27T13:35:06.529920"
"root","README.md","README.md","C:\Users\nathan.lannan\mhfa-registration\README.md",1486,".md","2025-06-27T13:35:06.513354"
"root","tailwind.config.js","tailwind.config.js","C:\Users\nathan.lannan\mhfa-registration\tailwind.config.js",2840,".js","2025-06-27T13:35:06.545051"
"root","tsconfig.json","tsconfig.json","C:\Users\nathan.lannan\mhfa-registration\tsconfig.json",644,".json","2025-06-27T13:35:06.546580"
"root","vercel.json","vercel.json","C:\Users\nathan.lannan\mhfa-registration\vercel.json",135,".json","2025-06-27T13:35:06.546580"
